дата,номер_документа,контрагент,товар,количество,цена,сумма,дата_оплаты,менеджер
2024-01-01,РН-202401-0001,ИП Тлеуов Б.М.,Калькулятор,2,108300,216600,2024-01-28,Дана Оспанова
2024-01-01,РН-202401-0002,ТОО Астана Комплект,МФУ струйное,30,52600,1578000,2024-01-22,Айгуль Нурланова
2024-01-01,РН-202401-0003,ИП Смагулова А.К.,Ручки шариковые (уп. 50 шт),49,104400,5115600,2024-01-03,Тимур Сергеев
2024-01-02,РН-202401-0004,ИП Иванова О.В.,Принтер лазерный,31,10100,313100,2024-01-04,Дана Оспанова
2024-01-03,РН-202401-0005,ТОО Достык Trade,Стол офисный,5,15600,78000,2024-01-10,Айгуль Нурланова
2024-01-03,РН-202401-0006,ИП Тлеуов Б.М.,МФУ струйное,16,38100,609600,2024-01-16,Тимур Сергеев
2024-01-03,РН-202401-0007,ТОО Shymkent Opt,Проектор,17,101700,1728900,2024-01-08,Айгуль Нурланова
2024-01-03,РН-202401-0008,ТОО КазОфисТорг,Флеш-накопитель 32 ГБ,11,86500,951500,2024-01-07,Айгуль Нурланова
2024-01-04,РН-202401-0009,ТОО Батыс Снаб,Шредер бумаги,25,109000,2725000,,Дана Оспанова
2024-01-05,РН-202401-0010,ИП Тлеуов Б.М.,Проектор,41,68700,2816700,2024-02-02,Айгуль Нурланова
2024-01-09,РН-202401-0011,ИП Тлеуов Б.М.,Флеш-накопитель 32 ГБ,8,15800,126400,2024-01-18,Тимур Сергеев
2024-01-10,РН-202401-0012,ТОО Каспий Логистик,Стол офисный,22,8300,182600,2024-01-28,Тимур Сергеев
2024-01-10,РН-202401-0013,ТОО Батыс Снаб,Шредер бумаги,30,45100,1353000,,Тимур Сергеев
2024-01-11,РН-202401-0014,ТОО Каспий Логистик,Стол офисный,18,146100,2629800,2024-01-15,Тимур Сергеев
2024-01-11,РН-202401-0015,ТОО Nur Business Group,Ручки шариковые (уп. 50 шт),16,27700,443200,2024-02-01,Тимур Сергеев
2024-01-11,РН-202401-0016,ИП Тлеуов Б.М.,Кресло офисное,43,104300,4484900,,Тимур Сергеев
2024-01-12,РН-202401-0017,ИП Иванова О.В.,Ручки шариковые (уп. 50 шт),12,132800,1593600,2024-01-27,Айгуль Нурланова
2024-01-12,РН-202401-0018,ТОО Аспан Технолоджи,Кресло офисное,45,77400,3483000,,Дана Оспанова
2024-01-13,РН-202401-0019,ТОО Достык Trade,Принтер лазерный,16,111500,1784000,2024-02-04,Тимур Сергеев
2024-01-19,РН-202401-0020,ТОО Батыс Снаб,Проектор,32,122500,3920000,,Айгуль Нурланова
2024-01-20,РН-202401-0021,ТОО Достык Trade,Папки-регистраторы,45,68800,3096000,2024-02-13,Тимур Сергеев
2024-01-22,РН-202401-0022,ТОО Каспий Логистик,Ручки шариковые (уп. 50 шт),28,149300,4180400,2024-02-07,Тимур Сергеев
2024-01-22,РН-202401-0023,ТОО Nur Business Group,Монитор 24 дюйма,8,55500,444000,,Тимур Сергеев
2024-01-24,РН-202401-0024,ТОО Каспий Логистик,Флеш-накопитель 32 ГБ,45,53500,2407500,2024-02-23,Айгуль Нурланова
2024-01-25,РН-202401-0025,ИП Тлеуов Б.М.,Флеш-накопитель 32 ГБ,34,79200,2692800,2024-02-12,Айгуль Нурланова
2024-01-25,РН-202401-0026,ИП Ахметов Е.С.,Бумага А4 (пачка),1,145000,145000,2024-01-29,Айгуль Нурланова
2024-01-27,РН-202401-0027,ТОО Nur Business Group,Проектор,9,133700,1203300,2024-02-18,Айгуль Нурланова
2024-01-27,РН-202401-0028,ТОО Shymkent Opt,Степлер,22,53300,1172600,2024-01-27,Айгуль Нурланова
2024-01-30,РН-202401-0029,ИП Иванова О.В.,Принтер лазерный,26,133900,3481400,2024-02-10,Айгуль Нурланова
2024-01-30,РН-202401-0030,ИП Ахметов Е.С.,Флеш-накопитель 32 ГБ,37,84600,3130200,2024-02-19,Айгуль Нурланова
2024-01-30,РН-202401-0031,ИП Тлеуов Б.М.,Кресло офисное,40,64200,2568000,2024-02-01,Дана Оспанова
2024-01-30,РН-202401-0032,ИП Иванова О.В.,Кресло офисное,28,85100,2382800,2024-02-29,Дана Оспанова
2024-01-31,РН-202401-0033,ТОО КазОфисТорг,Флеш-накопитель 32 ГБ,14,60300,844200,2024-02-12,Тимур Сергеев
2024-01-31,РН-202401-0034,ТОО Каспий Логистик,Принтер лазерный,11,5700,62700,2024-02-16,Тимур Сергеев
2024-01-31,РН-202401-0035,ТОО Алматы Строй Сервис,Монитор 24 дюйма,19,79100,1502900,2024-02-14,Дана Оспанова
2024-02-01,РН-202402-0036,ТОО Аспан Технолоджи,Бумага А4 (пачка),41,56900,2332900,,Тимур Сергеев
2024-02-02,РН-202402-0037,ТОО Достык Trade,Стол офисный,10,74600,746000,,Айгуль Нурланова
2024-02-02,РН-202402-0038,ИП Ахметов Е.С.,Флеш-накопитель 32 ГБ,20,80700,1614000,,Тимур Сергеев
2024-02-03,РН-202402-0039,ТОО Silk Way Trading,Бумага А4 (пачка),45,110500,4972500,2024-02-12,Тимур Сергеев
2024-02-05,РН-202402-0040,ИП Тлеуов Б.М.,Ноутбук офисный,28,89500,2506000,2024-03-04,Дана Оспанова
2024-02-05,РН-202402-0041,ИП Иванова О.В.,Картридж для принтера,37,10400,384800,2024-02-17,Дана Оспанова
2024-02-06,РН-202402-0042,ТОО Shymkent Opt,Калькулятор,42,120900,5077800,,Тимур Сергеев
2024-02-07,РН-202402-0043,ИП Тлеуов Б.М.,Папки-регистраторы,41,133900,5489900,2024-02-24,Айгуль Нурланова
2024-02-08,РН-202402-0044,ТОО Батыс Снаб,Принтер лазерный,11,91500,1006500,2024-02-27,Тимур Сергеев
2024-02-08,РН-202402-0045,ИП Иванова О.В.,Флеш-накопитель 32 ГБ,36,14600,525600,,Тимур Сергеев
2024-02-09,РН-202402-0046,ТОО Nur Business Group,Ручки шариковые (уп. 50 шт),8,111000,888000,2024-03-04,Дана Оспанова
2024-02-09,РН-202402-0047,ТОО Shymkent Opt,Папки-регистраторы,4,54200,216800,2024-02-14,Дана Оспанова
2024-02-10,РН-202402-0048,ТОО Shymkent Opt,Флеш-накопитель 32 ГБ,4,58400,233600,2024-02-13,Тимур Сергеев
2024-02-10,РН-202402-0049,ТОО Аспан Технолоджи,Проектор,32,36800,1177600,2024-02-24,Айгуль Нурланова
2024-02-12,РН-202402-0050,ТОО Silk Way Trading,МФУ струйное,20,149400,2988000,2024-02-22,Айгуль Нурланова
2024-02-13,РН-202402-0051,ТОО Shymkent Opt,Принтер лазерный,42,45400,1906800,2024-03-13,Тимур Сергеев
2024-02-13,РН-202402-0052,ТОО Nur Business Group,Папки-регистраторы,31,128800,3992800,2024-02-26,Айгуль Нурланова
2024-02-14,РН-202402-0053,ТОО Аспан Технолоджи,Кресло офисное,33,40800,1346400,2024-02-17,Айгуль Нурланова
2024-02-14,РН-202402-0054,ИП Смагулова А.К.,Шредер бумаги,33,75000,2475000,2024-03-10,Айгуль Нурланова
2024-02-14,РН-202402-0055,ИП Тлеуов Б.М.,Стол офисный,32,44000,1408000,2024-03-09,Тимур Сергеев
2024-02-15,РН-202402-0056,ТОО Жетысу Маркет,Калькулятор,25,124400,3110000,2024-02-16,Тимур Сергеев
2024-02-16,РН-202402-0057,ИП Тлеуов Б.М.,Папки-регистраторы,15,112700,1690500,2024-03-06,Айгуль Нурланова
2024-02-16,РН-202402-0058,ТОО Астана Комплект,Стол офисный,42,44900,1885800,2024-03-12,Тимур Сергеев
2024-02-19,РН-202402-0059,ИП Смагулова А.К.,Картридж для принтера,7,120400,842800,2024-03-20,Айгуль Нурланова
2024-02-19,РН-202402-0060,ИП Ахметов Е.С.,Папки-регистраторы,42,45500,1911000,2024-02-21,Айгуль Нурланова
2024-02-21,РН-202402-0061,ИП Тлеуов Б.М.,Проектор,26,26100,678600,2024-02-24,Тимур Сергеев
2024-02-21,РН-202402-0062,ИП Смагулова А.К.,Стол офисный,46,132900,6113400,,Дана Оспанова
2024-02-21,РН-202402-0063,ТОО КазОфисТорг,Монитор 24 дюйма,41,80300,3292300,2024-03-02,Айгуль Нурланова
2024-02-21,РН-202402-0064,ТОО Жетысу Маркет,Стол офисный,46,31300,1439800,,Тимур Сергеев
2024-02-23,РН-202402-0065,ТОО Nur Business Group,Шредер бумаги,2,17100,34200,2024-03-12,Тимур Сергеев
2024-02-23,РН-202402-0066,ТОО Астана Комплект,МФУ струйное,16,144200,2307200,2024-02-24,Тимур Сергеев
2024-02-26,РН-202402-0067,ИП Ахметов Е.С.,Принтер лазерный,40,105300,4212000,2024-03-22,Дана Оспанова
2024-02-29,РН-202402-0068,ИП Ахметов Е.С.,Монитор 24 дюйма,30,71600,2148000,2024-03-21,Тимур Сергеев
2024-03-01,РН-202403-0069,ТОО Аспан Технолоджи,Бумага А4 (пачка),44,148300,6525200,,Айгуль Нурланова
2024-03-02,РН-202403-0070,ИП Смагулова А.К.,Кресло офисное,20,116200,2324000,2024-03-03,Дана Оспанова
2024-03-02,РН-202403-0071,ТОО Астана Комплект,Картридж для принтера,31,33000,1023000,2024-03-18,Айгуль Нурланова
2024-03-02,РН-202403-0072,ТОО Silk Way Trading,Бумага А4 (пачка),2,108800,217600,,Тимур Сергеев
2024-03-02,РН-202403-0073,ИП Иванова О.В.,Стол офисный,50,17900,895000,2024-03-04,Дана Оспанова
2024-03-02,РН-202403-0074,ТОО Жетысу Маркет,Флеш-накопитель 32 ГБ,15,97400,1461000,2024-03-30,Айгуль Нурланова
2024-03-04,РН-202403-0075,ТОО Жетысу Маркет,Проектор,50,40900,2045000,,Дана Оспанова
2024-03-05,РН-202403-0076,ТОО Батыс Снаб,Стол офисный,3,86000,258000,,Тимур Сергеев
2024-03-05,РН-202403-0077,ИП Смагулова А.К.,Проектор,9,28600,257400,2024-03-18,Тимур Сергеев
2024-03-06,РН-202403-0078,ИП Ахметов Е.С.,Флеш-накопитель 32 ГБ,35,100900,3531500,2024-03-18,Дана Оспанова
2024-03-06,РН-202403-0079,ТОО Nur Business Group,Шредер бумаги,31,82400,2554400,2024-03-09,Дана Оспанова
2024-03-07,РН-202403-0080,ТОО КазОфисТорг,МФУ струйное,49,64100,3140900,2024-03-13,Дана Оспанова
2024-03-08,РН-202403-0081,ТОО Жетысу Маркет,Калькулятор,24,28700,688800,,Тимур Сергеев
2024-03-08,РН-202403-0082,ТОО Каспий Логистик,Принтер лазерный,30,101600,3048000,2024-03-27,Дана Оспанова
2024-03-09,РН-202403-0083,ИП Иванова О.В.,Стол офисный,24,33400,801600,2024-04-02,Дана Оспанова
2024-03-11,РН-202403-0084,ИП Смагулова А.К.,Шредер бумаги,40,63000,2520000,,Дана Оспанова
2024-03-11,РН-202403-0085,ИП Иванова О.В.,Степлер,45,84200,3789000,2024-03-19,Дана Оспанова
2024-03-12,РН-202403-0086,ТОО Nur Business Group,Степлер,8,30500,244000,2024-04-02,Айгуль Нурланова
2024-03-12,РН-202403-0087,ИП Смагулова А.К.,Стол офисный,48,146600,7036800,2024-04-01,Тимур Сергеев
2024-03-13,РН-202403-0088,ТОО Батыс Снаб,Принтер лазерный,32,112000,3584000,,Тимур Сергеев
2024-03-13,РН-202403-0089,ИП Смагулова А.К.,Монитор 24 дюйма,29,121600,3526400,2024-04-10,Айгуль Нурланова
2024-03-14,РН-202403-0090,ИП Смагулова А.К.,Калькулятор,42,99000,4158000,2024-03-24,Айгуль Нурланова
2024-03-14,РН-202403-0091,ИП Иванова О.В.,Картридж для принтера,30,29000,870000,2024-03-21,Дана Оспанова
2024-03-14,РН-202403-0092,ТОО Алматы Строй Сервис,Флеш-накопитель 32 ГБ,22,68800,1513600,2024-04-07,Айгуль Нурланова
2024-03-15,РН-202403-0093,ТОО Достык Trade,Кресло офисное,14,66100,925400,2024-03-19,Тимур Сергеев
2024-03-16,РН-202403-0094,ТОО Алматы Строй Сервис,Бумага А4 (пачка),10,39100,391000,2024-04-13,Дана Оспанова
2024-03-16,РН-202403-0095,ИП Иванова О.В.,Ноутбук офисный,9,8900,80100,2024-04-02,Тимур Сергеев
2024-03-16,РН-202403-0096,ТОО Алматы Строй Сервис,МФУ струйное,17,18700,317900,2024-04-15,Айгуль Нурланова
2024-03-16,РН-202403-0097,ТОО КазОфисТорг,Степлер,29,99900,2897100,2024-03-30,Дана Оспанова
2024-03-16,РН-202403-0098,ИП Тлеуов Б.М.,Ноутбук офисный,47,141700,6659900,2024-03-16,Тимур Сергеев
2024-03-18,РН-202403-0099,ТОО Shymkent Opt,Картридж для принтера,26,116700,3034200,,Дана Оспанова
2024-03-18,РН-202403-0100,ТОО Silk Way Trading,Шредер бумаги,29,24300,704700,2024-03-29,Айгуль Нурланова
2024-03-18,РН-202403-0101,ТОО Nur Business Group,Кресло офисное,41,148700,6096700,2024-03-22,Дана Оспанова
2024-03-19,РН-202403-0102,ТОО Nur Business Group,Степлер,33,117800,3887400,2024-04-15,Айгуль Нурланова
2024-03-19,РН-202403-0103,ТОО Батыс Снаб,Шредер бумаги,50,149500,7475000,2024-04-02,Дана Оспанова
2024-03-19,РН-202403-0104,ТОО Астана Комплект,Ручки шариковые (уп. 50 шт),30,109500,3285000,2024-04-05,Тимур Сергеев
2024-03-19,РН-202403-0105,ТОО Батыс Снаб,Бумага А4 (пачка),24,45000,1080000,2024-03-28,Дана Оспанова
2024-03-19,РН-202403-0106,ТОО КазОфисТорг,Папки-регистраторы,7,102700,718900,2024-04-12,Айгуль Нурланова
2024-03-19,РН-202403-0107,ТОО Каспий Логистик,Ручки шариковые (уп. 50 шт),43,37000,1591000,2024-04-08,Тимур Сергеев
2024-03-19,РН-202403-0108,ИП Иванова О.В.,Шредер бумаги,47,18500,869500,2024-04-13,Тимур Сергеев
2024-03-20,РН-202403-0109,ТОО Каспий Логистик,Монитор 24 дюйма,10,131400,1314000,2024-04-13,Айгуль Нурланова
2024-03-20,РН-202403-0110,ИП Смагулова А.К.,Принтер лазерный,49,78000,3822000,2024-04-13,Дана Оспанова
2024-03-20,РН-202403-0111,ТОО Жетысу Маркет,Картридж для принтера,40,11900,476000,2024-03-22,Дана Оспанова
2024-03-21,РН-202403-0112,ТОО Алматы Строй Сервис,МФУ струйное,18,86000,1548000,2024-04-01,Тимур Сергеев
2024-03-21,РН-202403-0113,ИП Тлеуов Б.М.,Стол офисный,26,23200,603200,2024-03-21,Айгуль Нурланова
2024-03-21,РН-202403-0114,ТОО Silk Way Trading,Калькулятор,14,103600,1450400,2024-04-06,Тимур Сергеев
2024-03-21,РН-202403-0115,ТОО Silk Way Trading,Ручки шариковые (уп. 50 шт),50,27300,1365000,,Айгуль Нурланова
2024-03-21,РН-202403-0116,ТОО Жетысу Маркет,Кресло офисное,4,26400,105600,2024-04-16,Тимур Сергеев
2024-03-21,РН-202403-0117,ТОО Shymkent Opt,Папки-регистраторы,18,61500,1107000,,Дана Оспанова
2024-03-22,РН-202403-0118,ТОО Астана Комплект,Принтер лазерный,19,132600,2519400,2024-04-10,Дана Оспанова
2024-03-22,РН-202403-0119,ИП Тлеуов Б.М.,Ноутбук офисный,1,58600,58600,2024-03-28,Тимур Сергеев
2024-03-23,РН-202403-0120,ТОО Nur Business Group,Бумага А4 (пачка),21,36500,766500,2024-04-03,Айгуль Нурланова
2024-03-23,РН-202403-0121,ТОО Астана Комплект,Калькулятор,46,65300,3003800,2024-04-10,Дана Оспанова
2024-03-25,РН-202403-0122,ТОО КазОфисТорг,Папки-регистраторы,48,16100,772800,,Тимур Сергеев
2024-03-25,РН-202403-0123,ТОО Аспан Технолоджи,Принтер лазерный,21,117500,2467500,2024-04-10,Дана Оспанова
2024-03-26,РН-202403-0124,ТОО КазОфисТорг,Папки-регистраторы,2,90100,180200,2024-04-24,Айгуль Нурланова
2024-03-26,РН-202403-0125,ТОО Аспан Технолоджи,Ручки шариковые (уп. 50 шт),6,119500,717000,2024-04-18,Айгуль Нурланова
2024-03-26,РН-202403-0126,ТОО КазОфисТорг,Папки-регистраторы,20,94000,1880000,2024-04-18,Айгуль Нурланова
2024-03-26,РН-202403-0127,ТОО Батыс Снаб,Принтер лазерный,34,138700,4715800,2024-04-25,Айгуль Нурланова
2024-03-26,РН-202403-0128,ИП Иванова О.В.,Стол офисный,10,66900,669000,,Айгуль Нурланова
2024-03-26,РН-202403-0129,ТОО Достык Trade,МФУ струйное,39,45100,1758900,,Дана Оспанова
2024-03-26,РН-202403-0130,ТОО Жетысу Маркет,Стол офисный,32,126600,4051200,2024-04-20,Дана Оспанова
2024-03-28,РН-202403-0131,ТОО Батыс Снаб,Стол офисный,40,89700,3588000,2024-04-19,Дана Оспанова
2024-03-28,РН-202403-0132,ТОО Shymkent Opt,Стол офисный,20,77000,1540000,,Дана Оспанова
2024-03-29,РН-202403-0133,ТОО Каспий Логистик,Принтер лазерный,20,126000,2520000,,Тимур Сергеев
2024-03-29,РН-202403-0134,ИП Смагулова А.К.,Картридж для принтера,19,25100,476900,2024-04-02,Дана Оспанова
2024-03-29,РН-202403-0135,ИП Тлеуов Б.М.,Калькулятор,25,126300,3157500,2024-03-29,Дана Оспанова
2024-03-30,РН-202403-0136,ТОО Shymkent Opt,Шредер бумаги,37,54300,2009100,2024-04-07,Тимур Сергеев
2024-03-30,РН-202403-0137,ТОО Shymkent Opt,Принтер лазерный,22,27100,596200,2024-04-28,Дана Оспанова
2024-03-30,РН-202403-0138,ТОО Shymkent Opt,Степлер,34,142000,4828000,,Дана Оспанова
2024-03-30,РН-202403-0139,ИП Смагулова А.К.,Шредер бумаги,19,106600,2025400,2024-04-07,Тимур Сергеев
2024-03-30,РН-202403-0140,ТОО Жетысу Маркет,Стол офисный,42,92700,3893400,2024-04-18,Айгуль Нурланова
2024-03-30,РН-202403-0141,ТОО Nur Business Group,Бумага А4 (пачка),47,44400,2086800,,Тимур Сергеев
2024-03-30,РН-202403-0142,ТОО Батыс Снаб,МФУ струйное,23,86300,1984900,2024-04-25,Дана Оспанова
2024-03-30,РН-202403-0143,ТОО Silk Way Trading,Принтер лазерный,20,103700,2074000,2024-04-04,Дана Оспанова
2024-03-30,РН-202403-0144,ТОО Silk Way Trading,Картридж для принтера,48,143000,6864000,2024-04-17,Айгуль Нурланова
2024-03-30,РН-202403-0145,ТОО Алматы Строй Сервис,Ручки шариковые (уп. 50 шт),20,52300,1046000,2024-03-31,Айгуль Нурланова
2024-04-01,РН-202404-0146,ТОО Достык Trade,МФУ струйное,10,25200,252000,2024-04-25,Тимур Сергеев
2024-04-02,РН-202404-0147,ИП Иванова О.В.,Проектор,34,14900,506600,2024-04-03,Дана Оспанова
2024-04-02,РН-202404-0148,ИП Тлеуов Б.М.,Папки-регистраторы,10,47500,475000,2024-04-08,Айгуль Нурланова
2024-04-02,РН-202404-0149,ТОО Аспан Технолоджи,МФУ струйное,47,119700,5625900,2024-04-16,Айгуль Нурланова
2024-04-03,РН-202404-0150,ТОО Shymkent Opt,Кресло офисное,19,122700,2331300,2024-04-25,Айгуль Нурланова
2024-04-03,РН-202404-0151,ТОО Аспан Технолоджи,Картридж для принтера,13,101400,1318200,2024-04-06,Дана Оспанова
2024-04-04,РН-202404-0152,ТОО Жетысу Маркет,Бумага А4 (пачка),50,105100,5255000,2024-04-10,Дана Оспанова
2024-04-04,РН-202404-0153,ТОО Достык Trade,Флеш-накопитель 32 ГБ,39,41300,1610700,,Тимур Сергеев
2024-04-06,РН-202404-0154,ТОО Shymkent Opt,Картридж для принтера,24,31900,765600,2024-04-08,Дана Оспанова
2024-04-06,РН-202404-0155,ТОО КазОфисТорг,Флеш-накопитель 32 ГБ,11,76500,841500,2024-04-26,Тимур Сергеев
2024-04-08,РН-202404-0156,ТОО КазОфисТорг,Шредер бумаги,15,123300,1849500,2024-04-27,Тимур Сергеев
2024-04-10,РН-202404-0157,ТОО Каспий Логистик,Ручки шариковые (уп. 50 шт),16,106200,1699200,2024-04-20,Айгуль Нурланова
2024-04-10,РН-202404-0158,ИП Иванова О.В.,Проектор,42,92900,3901800,,Айгуль Нурланова
2024-04-10,РН-202404-0159,ТОО Nur Business Group,Шредер бумаги,31,41400,1283400,2024-04-19,Дана Оспанова
2024-04-11,РН-202404-0160,ТОО Алматы Строй Сервис,Бумага А4 (пачка),14,44200,618800,2024-05-01,Дана Оспанова
2024-04-11,РН-202404-0161,ТОО КазОфисТорг,Флеш-накопитель 32 ГБ,19,67300,1278700,,Тимур Сергеев
2024-04-11,РН-202404-0162,ТОО Достык Trade,Папки-регистраторы,41,124800,5116800,,Айгуль Нурланова
2024-04-11,РН-202404-0163,ТОО Аспан Технолоджи,Степлер,39,145500,5674500,2024-05-10,Айгуль Нурланова
2024-04-13,РН-202404-0164,ИП Ахметов Е.С.,Бумага А4 (пачка),28,5400,151200,2024-04-25,Дана Оспанова
2024-04-13,РН-202404-0165,ТОО Батыс Снаб,Стол офисный,6,142200,853200,,Тимур Сергеев
2024-04-13,РН-202404-0166,ТОО Каспий Логистик,Калькулятор,33,138100,4557300,,Дана Оспанова
2024-04-15,РН-202404-0167,ИП Иванова О.В.,Степлер,3,106400,319200,2024-04-24,Тимур Сергеев
2024-04-15,РН-202404-0168,ИП Смагулова А.К.,Монитор 24 дюйма,47,32200,1513400,2024-04-23,Дана Оспанова
2024-04-16,РН-202404-0169,ИП Смагулова А.К.,Калькулятор,22,50900,1119800,2024-05-13,Дана Оспанова
2024-04-16,РН-202404-0170,ИП Ахметов Е.С.,Флеш-накопитель 32 ГБ,9,21500,193500,2024-05-02,Дана Оспанова
2024-04-16,РН-202404-0171,ТОО Достык Trade,Ноутбук офисный,13,16000,208000,2024-05-10,Тимур Сергеев
2024-04-17,РН-202404-0172,ТОО Shymkent Opt,Бумага А4 (пачка),3,55100,165300,2024-04-23,Тимур Сергеев
2024-04-17,РН-202404-0173,ТОО Батыс Снаб,Ручки шариковые (уп. 50 шт),18,37600,676800,2024-05-08,Тимур Сергеев
2024-04-18,РН-202404-0174,ТОО Аспан Технолоджи,Папки-регистраторы,22,54000,1188000,2024-05-11,Тимур Сергеев
2024-04-19,РН-202404-0175,ТОО Nur Business Group,Флеш-накопитель 32 ГБ,6,116300,697800,2024-04-20,Айгуль Нурланова
2024-04-20,РН-202404-0176,ТОО Каспий Логистик,Бумага А4 (пачка),21,31900,669900,2024-05-11,Айгуль Нурланова
2024-04-22,РН-202404-0177,ИП Тлеуов Б.М.,Проектор,28,48700,1363600,2024-05-22,Дана Оспанова
2024-04-23,РН-202404-0178,ИП Иванова О.В.,Шредер бумаги,23,119000,2737000,2024-04-23,Тимур Сергеев
2024-04-23,РН-202404-0179,ТОО КазОфисТорг,Стол офисный,41,111500,4571500,2024-05-05,Тимур Сергеев
2024-04-24,РН-202404-0180,ТОО Алматы Строй Сервис,МФУ струйное,39,119900,4676100,,Айгуль Нурланова
2024-04-24,РН-202404-0181,ТОО Достык Trade,Флеш-накопитель 32 ГБ,42,101000,4242000,2024-05-20,Тимур Сергеев
2024-04-24,РН-202404-0182,ИП Ахметов Е.С.,Стол офисный,29,102200,2963800,2024-05-05,Тимур Сергеев
2024-04-25,РН-202404-0183,ТОО Каспий Логистик,Ручки шариковые (уп. 50 шт),26,87400,2272400,2024-04-25,Дана Оспанова
2024-04-25,РН-202404-0184,ТОО Silk Way Trading,МФУ струйное,32,140700,4502400,2024-05-10,Тимур Сергеев
2024-04-29,РН-202404-0185,ТОО Silk Way Trading,Степлер,14,79900,1118600,2024-05-09,Дана Оспанова
2024-05-03,РН-202405-0186,ИП Ахметов Е.С.,Картридж для принтера,5,123500,617500,2024-05-12,Айгуль Нурланова
2024-05-04,РН-202405-0187,ТОО Жетысу Маркет,Стол офисный,21,96100,2018100,,Дана Оспанова
2024-05-06,РН-202405-0188,ТОО Каспий Логистик,Бумага А4 (пачка),20,46300,926000,2024-05-18,Дана Оспанова
2024-05-06,РН-202405-0189,ТОО Жетысу Маркет,Ручки шариковые (уп. 50 шт),33,63800,2105400,2024-05-07,Айгуль Нурланова
2024-05-09,РН-202405-0190,ТОО Жетысу Маркет,Степлер,2,99600,199200,2024-06-02,Дана Оспанова
2024-05-09,РН-202405-0191,ИП Ахметов Е.С.,Кресло офисное,6,22200,133200,2024-05-31,Тимур Сергеев
2024-05-09,РН-202405-0192,ТОО Каспий Логистик,Папки-регистраторы,50,112300,5615000,,Дана Оспанова
2024-05-10,РН-202405-0193,ИП Смагулова А.К.,Стол офисный,5,123000,615000,2024-06-03,Тимур Сергеев
2024-05-10,РН-202405-0194,ТОО Батыс Снаб,Кресло офисное,12,38800,465600,2024-05-16,Тимур Сергеев
2024-05-11,РН-202405-0195,ТОО КазОфисТорг,Калькулятор,10,84700,847000,,Айгуль Нурланова
2024-05-16,РН-202405-0196,ТОО Аспан Технолоджи,Проектор,15,95700,1435500,2024-05-18,Дана Оспанова
2024-05-16,РН-202405-0197,ТОО Достык Trade,Стол офисный,36,76900,2768400,2024-05-25,Айгуль Нурланова
2024-05-17,РН-202405-0198,ТОО Каспий Логистик,Стол офисный,11,45400,499400,2024-06-12,Айгуль Нурланова
2024-05-17,РН-202405-0199,ИП Смагулова А.К.,Картридж для принтера,37,15800,584600,,Айгуль Нурланова
2024-05-18,РН-202405-0200,ТОО Батыс Снаб,Флеш-накопитель 32 ГБ,37,74400,2752800,2024-06-13,Дана Оспанова
2024-05-18,РН-202405-0201,ТОО Батыс Снаб,Ноутбук офисный,32,148000,4736000,2024-06-01,Тимур Сергеев
2024-05-18,РН-202405-0202,ТОО Жетысу Маркет,Флеш-накопитель 32 ГБ,44,111500,4906000,2024-05-30,Тимур Сергеев
2024-05-20,РН-202405-0203,ТОО Shymkent Opt,Папки-регистраторы,31,126800,3930800,2024-06-18,Айгуль Нурланова
2024-05-20,РН-202405-0204,ИП Смагулова А.К.,Проектор,23,109500,2518500,2024-05-30,Айгуль Нурланова
2024-05-21,РН-202405-0205,ИП Смагулова А.К.,Монитор 24 дюйма,30,37100,1113000,2024-05-29,Тимур Сергеев
2024-05-21,РН-202405-0206,ТОО Nur Business Group,Папки-регистраторы,40,114600,4584000,2024-05-27,Айгуль Нурланова
2024-05-23,РН-202405-0207,ИП Смагулова А.К.,Шредер бумаги,37,87000,3219000,2024-06-15,Айгуль Нурланова
2024-05-23,РН-202405-0208,ТОО Shymkent Opt,Степлер,20,135400,2708000,,Айгуль Нурланова
2024-05-24,РН-202405-0209,ТОО Астана Комплект,Калькулятор,30,68100,2043000,2024-06-09,Айгуль Нурланова
2024-05-25,РН-202405-0210,ТОО Shymkent Opt,Кресло офисное,42,128400,5392800,2024-05-28,Тимур Сергеев
2024-05-25,РН-202405-0211,ИП Ахметов Е.С.,Шредер бумаги,17,100900,1715300,2024-06-19,Тимур Сергеев
2024-05-25,РН-202405-0212,ТОО Каспий Логистик,Монитор 24 дюйма,24,80700,1936800,2024-06-18,Айгуль Нурланова
2024-05-25,РН-202405-0213,ТОО Nur Business Group,Картридж для принтера,40,36100,1444000,2024-06-11,Айгуль Нурланова
2024-05-25,РН-202405-0214,ТОО Каспий Логистик,Ручки шариковые (уп. 50 шт),49,42800,2097200,2024-06-02,Айгуль Нурланова
2024-05-25,РН-202405-0215,ТОО Алматы Строй Сервис,Ноутбук офисный,9,92300,830700,2024-06-17,Тимур Сергеев
2024-05-27,РН-202405-0216,ИП Ахметов Е.С.,Ручки шариковые (уп. 50 шт),40,88500,3540000,2024-06-12,Айгуль Нурланова
2024-05-27,РН-202405-0217,ИП Тлеуов Б.М.,Ручки шариковые (уп. 50 шт),33,138600,4573800,2024-06-18,Дана Оспанова
2024-05-27,РН-202405-0218,ИП Иванова О.В.,Ноутбук офисный,24,91800,2203200,,Дана Оспанова
2024-05-27,РН-202405-0219,ТОО Астана Комплект,Кресло офисное,20,12000,240000,2024-06-02,Дана Оспанова
2024-05-27,РН-202405-0220,ТОО Жетысу Маркет,Кресло офисное,37,64600,2390200,,Дана Оспанова
2024-05-28,РН-202405-0221,ТОО Shymkent Opt,МФУ струйное,34,104700,3559800,2024-06-22,Айгуль Нурланова
2024-05-29,РН-202405-0222,ТОО Silk Way Trading,Принтер лазерный,13,10000,130000,2024-06-27,Тимур Сергеев
2024-05-29,РН-202405-0223,ТОО Достык Trade,Папки-регистраторы,33,128600,4243800,2024-06-21,Дана Оспанова
2024-05-31,РН-202405-0224,ТОО Достык Trade,Калькулятор,21,130400,2738400,2024-06-03,Дана Оспанова
2024-05-31,РН-202405-0225,ТОО Аспан Технолоджи,Калькулятор,22,148200,3260400,2024-06-05,Тимур Сергеев
2024-05-31,РН-202405-0226,ТОО Батыс Снаб,Флеш-накопитель 32 ГБ,45,74300,3343500,2024-06-02,Дана Оспанова
2024-06-01,РН-202406-0227,ТОО Каспий Логистик,Бумага А4 (пачка),15,83000,1245000,2024-06-23,Тимур Сергеев
2024-06-03,РН-202406-0228,ИП Смагулова А.К.,Степлер,23,76700,1764100,,Тимур Сергеев
2024-06-04,РН-202406-0229,ТОО Батыс Снаб,Калькулятор,25,108400,2710000,2024-06-06,Тимур Сергеев
2024-06-06,РН-202406-0230,ТОО Алматы Строй Сервис,Бумага А4 (пачка),46,25700,1182200,2024-07-06,Тимур Сергеев
2024-06-07,РН-202406-0231,ТОО Shymkent Opt,Монитор 24 дюйма,13,146200,1900600,2024-06-18,Тимур Сергеев
2024-06-08,РН-202406-0232,ТОО КазОфисТорг,Кресло офисное,48,67700,3249600,,Айгуль Нурланова
2024-06-08,РН-202406-0233,ТОО Аспан Технолоджи,Калькулятор,15,66000,990000,,Айгуль Нурланова
2024-06-10,РН-202406-0234,ИП Смагулова А.К.,Проектор,31,31400,973400,2024-07-04,Дана Оспанова
2024-06-10,РН-202406-0235,ТОО Аспан Технолоджи,МФУ струйное,27,129700,3501900,2024-06-12,Тимур Сергеев
2024-06-11,РН-202406-0236,ИП Смагулова А.К.,Бумага А4 (пачка),42,20500,861000,2024-07-11,Айгуль Нурланова
2024-06-13,РН-202406-0237,ТОО Silk Way Trading,Картридж для принтера,3,50900,152700,2024-06-21,Тимур Сергеев
2024-06-13,РН-202406-0238,ИП Иванова О.В.,Папки-регистраторы,32,53800,1721600,2024-06-13,Дана Оспанова
2024-06-13,РН-202406-0239,ТОО Алматы Строй Сервис,Бумага А4 (пачка),37,33100,1224700,2024-06-17,Тимур Сергеев
2024-06-15,РН-202406-0240,ТОО Каспий Логистик,Степлер,9,137200,1234800,2024-06-17,Тимур Сергеев
2024-06-17,РН-202406-0241,ИП Ахметов Е.С.,Проектор,30,72400,2172000,,Дана Оспанова
2024-06-17,РН-202406-0242,ТОО Silk Way Trading,Ручки шариковые (уп. 50 шт),19,55600,1056400,2024-07-06,Айгуль Нурланова
2024-06-17,РН-202406-0243,ИП Иванова О.В.,Папки-регистраторы,33,91000,3003000,2024-06-28,Айгуль Нурланова
2024-06-17,РН-202406-0244,ТОО Shymkent Opt,Ручки шариковые (уп. 50 шт),16,6800,108800,2024-07-02,Тимур Сергеев
2024-06-21,РН-202406-0245,ИП Смагулова А.К.,Бумага А4 (пачка),38,8000,304000,2024-06-29,Тимур Сергеев
2024-06-21,РН-202406-0246,ТОО Батыс Снаб,Принтер лазерный,30,85400,2562000,2024-07-20,Айгуль Нурланова
2024-06-22,РН-202406-0247,ТОО Жетысу Маркет,Бумага А4 (пачка),45,35800,1611000,2024-07-18,Дана Оспанова
2024-06-25,РН-202406-0248,ТОО Достык Trade,Монитор 24 дюйма,9,130400,1173600,2024-06-27,Айгуль Нурланова
2024-06-28,РН-202406-0249,ТОО Астана Комплект,Проектор,36,128400,4622400,2024-07-04,Дана Оспанова
2024-06-28,РН-202406-0250,ТОО Достык Trade,Стол офисный,49,26500,1298500,2024-07-07,Дана Оспанова
2024-06-29,РН-202406-0251,ТОО Аспан Технолоджи,Кресло офисное,8,21200,169600,2024-07-23,Дана Оспанова
2024-06-29,РН-202406-0252,ИП Ахметов Е.С.,МФУ струйное,21,141400,2969400,,Тимур Сергеев
2024-07-03,РН-202407-0253,ТОО Достык Trade,Проектор,38,133100,5057800,2024-07-11,Айгуль Нурланова
2024-07-04,РН-202407-0254,ТОО Shymkent Opt,МФУ струйное,33,113900,3758700,2024-08-01,Тимур Сергеев
2024-07-06,РН-202407-0255,ТОО Жетысу Маркет,Бумага А4 (пачка),47,10700,502900,2024-07-19,Тимур Сергеев
2024-07-08,РН-202407-0256,ИП Тлеуов Б.М.,Принтер лазерный,3,116100,348300,2024-07-16,Тимур Сергеев
2024-07-08,РН-202407-0257,ТОО Аспан Технолоджи,Шредер бумаги,5,128800,644000,2024-07-19,Айгуль Нурланова
2024-07-10,РН-202407-0258,ТОО Жетысу Маркет,Стол офисный,47,115200,5414400,2024-07-29,Тимур Сергеев
2024-07-11,РН-202407-0259,ТОО Астана Комплект,Принтер лазерный,44,146400,6441600,2024-07-23,Айгуль Нурланова
2024-07-15,РН-202407-0260,ТОО Каспий Логистик,Папки-регистраторы,34,38400,1305600,2024-07-21,Дана Оспанова
2024-07-16,РН-202407-0261,ТОО Алматы Строй Сервис,Бумага А4 (пачка),30,147700,4431000,2024-07-17,Тимур Сергеев
2024-07-19,РН-202407-0262,ТОО Shymkent Opt,Ручки шариковые (уп. 50 шт),10,77300,773000,2024-07-29,Айгуль Нурланова
2024-07-19,РН-202407-0263,ТОО Алматы Строй Сервис,Флеш-накопитель 32 ГБ,43,114900,4940700,2024-07-19,Дана Оспанова
2024-07-20,РН-202407-0264,ТОО Достык Trade,Монитор 24 дюйма,5,31400,157000,,Дана Оспанова
2024-07-20,РН-202407-0265,ИП Тлеуов Б.М.,Стол офисный,46,17800,818800,2024-08-03,Айгуль Нурланова
2024-07-22,РН-202407-0266,ТОО Каспий Логистик,Монитор 24 дюйма,49,19800,970200,2024-08-21,Айгуль Нурланова
2024-07-22,РН-202407-0267,ИП Тлеуов Б.М.,Ручки шариковые (уп. 50 шт),37,89100,3296700,2024-08-19,Айгуль Нурланова
2024-07-22,РН-202407-0268,ТОО Каспий Логистик,Монитор 24 дюйма,27,83800,2262600,,Тимур Сергеев
2024-07-23,РН-202407-0269,ИП Тлеуов Б.М.,Шредер бумаги,48,50900,2443200,2024-07-31,Дана Оспанова
2024-07-24,РН-202407-0270,ИП Смагулова А.К.,Стол офисный,43,104900,4510700,2024-08-04,Дана Оспанова
2024-07-25,РН-202407-0271,ТОО Nur Business Group,Папки-регистраторы,12,146000,1752000,2024-08-23,Тимур Сергеев
2024-07-25,РН-202407-0272,ИП Ахметов Е.С.,Флеш-накопитель 32 ГБ,30,20100,603000,2024-08-17,Дана Оспанова
2024-07-26,РН-202407-0273,ИП Ахметов Е.С.,Папки-регистраторы,16,71800,1148800,2024-08-16,Айгуль Нурланова
2024-07-27,РН-202407-0274,ИП Иванова О.В.,Ручки шариковые (уп. 50 шт),6,145400,872400,2024-08-15,Дана Оспанова
2024-07-27,РН-202407-0275,ТОО Батыс Снаб,Кресло офисное,39,15400,600600,,Айгуль Нурланова
2024-07-29,РН-202407-0276,ТОО Жетысу Маркет,Кресло офисное,47,61900,2909300,2024-07-31,Тимур Сергеев
2024-07-29,РН-202407-0277,ТОО Аспан Технолоджи,Ноутбук офисный,14,54800,767200,,Дана Оспанова
2024-07-30,РН-202407-0278,ТОО Жетысу Маркет,Степлер,16,58600,937600,2024-08-15,Тимур Сергеев
2024-07-30,РН-202407-0279,ТОО Астана Комплект,Степлер,35,99200,3472000,2024-08-21,Тимур Сергеев
2024-07-31,РН-202407-0280,ТОО Shymkent Opt,Принтер лазерный,47,128100,6020700,2024-08-20,Тимур Сергеев
2024-08-01,РН-202408-0281,ТОО Алматы Строй Сервис,Кресло офисное,15,43300,649500,2024-08-05,Айгуль Нурланова
2024-08-01,РН-202408-0282,ТОО Silk Way Trading,Папки-регистраторы,19,45000,855000,2024-08-15,Айгуль Нурланова
2024-08-03,РН-202408-0283,ТОО Shymkent Opt,Калькулятор,42,93500,3927000,2024-09-02,Тимур Сергеев
2024-08-09,РН-202408-0284,ТОО Батыс Снаб,Проектор,32,125800,4025600,2024-08-20,Айгуль Нурланова
2024-08-13,РН-202408-0285,ТОО Silk Way Trading,Калькулятор,32,53200,1702400,2024-08-17,Дана Оспанова
2024-08-13,РН-202408-0286,ТОО Алматы Строй Сервис,Картридж для принтера,5,17700,88500,2024-08-14,Айгуль Нурланова
2024-08-14,РН-202408-0287,ТОО КазОфисТорг,Проектор,10,7400,74000,2024-09-09,Айгуль Нурланова
2024-08-14,РН-202408-0288,ТОО Батыс Снаб,Стол офисный,40,131700,5268000,2024-09-07,Дана Оспанова
2024-08-15,РН-202408-0289,ТОО Астана Комплект,Ноутбук офисный,2,143800,287600,2024-08-15,Дана Оспанова
2024-08-16,РН-202408-0290,ТОО Каспий Логистик,Картридж для принтера,45,117900,5305500,,Айгуль Нурланова
2024-08-16,РН-202408-0291,ТОО КазОфисТорг,Калькулятор,10,68200,682000,2024-09-03,Айгуль Нурланова
2024-08-16,РН-202408-0292,ТОО Nur Business Group,Флеш-накопитель 32 ГБ,26,25700,668200,2024-08-30,Тимур Сергеев
2024-08-16,РН-202408-0293,ТОО Silk Way Trading,Монитор 24 дюйма,20,26100,522000,2024-08-24,Дана Оспанова
2024-08-19,РН-202408-0294,ТОО КазОфисТорг,Папки-регистраторы,25,103900,2597500,2024-09-17,Дана Оспанова
2024-08-20,РН-202408-0295,ИП Ахметов Е.С.,Принтер лазерный,32,118700,3798400,2024-08-30,Дана Оспанова
2024-08-22,РН-202408-0296,ТОО Аспан Технолоджи,Калькулятор,3,65200,195600,2024-09-16,Айгуль Нурланова
2024-08-22,РН-202408-0297,ТОО Shymkent Opt,Бумага А4 (пачка),3,24500,73500,2024-08-26,Дана Оспанова
2024-08-23,РН-202408-0298,ТОО Батыс Снаб,Ноутбук офисный,12,87400,1048800,2024-09-21,Айгуль Нурланова
2024-08-27,РН-202408-0299,ИП Иванова О.В.,Папки-регистраторы,5,83500,417500,2024-09-15,Айгуль Нурланова
2024-08-27,РН-202408-0300,ТОО Батыс Снаб,Шредер бумаги,35,92000,3220000,2024-09-25,Тимур Сергеев
2024-08-28,РН-202408-0301,ТОО Silk Way Trading,Принтер лазерный,33,95700,3158100,,Айгуль Нурланова
2024-08-29,РН-202408-0302,ТОО Достык Trade,Картридж для принтера,5,94300,471500,2024-09-01,Дана Оспанова
2024-08-30,РН-202408-0303,ТОО Жетысу Маркет,Ручки шариковые (уп. 50 шт),2,76700,153400,2024-09-18,Тимур Сергеев
2024-08-30,РН-202408-0304,ТОО Астана Комплект,МФУ струйное,44,104600,4602400,2024-09-13,Айгуль Нурланова
2024-08-31,РН-202408-0305,ТОО Silk Way Trading,Принтер лазерный,6,75200,451200,2024-09-01,Айгуль Нурланова
2024-09-02,РН-202409-0306,ТОО Silk Way Trading,Папки-регистраторы,21,99600,2091600,,Айгуль Нурланова
2024-09-03,РН-202409-0307,ТОО Nur Business Group,Степлер,24,75700,1816800,,Айгуль Нурланова
2024-09-03,РН-202409-0308,ИП Ахметов Е.С.,Папки-регистраторы,29,139300,4039700,,Тимур Сергеев
2024-09-04,РН-202409-0309,ТОО КазОфисТорг,Ручки шариковые (уп. 50 шт),36,29400,1058400,2024-09-23,Дана Оспанова
2024-09-04,РН-202409-0310,ТОО Алматы Строй Сервис,Бумага А4 (пачка),27,106700,2880900,2024-09-18,Айгуль Нурланова
2024-09-06,РН-202409-0311,ИП Тлеуов Б.М.,Калькулятор,11,104800,1152800,,Айгуль Нурланова
2024-09-06,РН-202409-0312,ТОО Nur Business Group,Бумага А4 (пачка),32,43300,1385600,,Айгуль Нурланова
2024-09-07,РН-202409-0313,ТОО Nur Business Group,Папки-регистраторы,20,131900,2638000,2024-09-12,Айгуль Нурланова
2024-09-09,РН-202409-0314,ТОО Батыс Снаб,Степлер,39,56300,2195700,,Тимур Сергеев
2024-09-09,РН-202409-0315,ТОО Nur Business Group,Ноутбук офисный,26,92100,2394600,2024-09-12,Дана Оспанова
2024-09-10,РН-202409-0316,ИП Смагулова А.К.,Папки-регистраторы,42,40700,1709400,2024-09-11,Тимур Сергеев
2024-09-10,РН-202409-0317,ТОО Shymkent Opt,Ручки шариковые (уп. 50 шт),12,109400,1312800,2024-10-02,Тимур Сергеев
2024-09-11,РН-202409-0318,ИП Тлеуов Б.М.,Флеш-накопитель 32 ГБ,16,90400,1446400,2024-09-13,Тимур Сергеев
2024-09-11,РН-202409-0319,ТОО КазОфисТорг,Шредер бумаги,37,57400,2123800,2024-10-05,Дана Оспанова
2024-09-11,РН-202409-0320,ТОО Алматы Строй Сервис,Проектор,30,60000,1800000,2024-09-11,Тимур Сергеев
2024-09-11,РН-202409-0321,ИП Иванова О.В.,Картридж для принтера,27,135900,3669300,2024-10-09,Айгуль Нурланова
2024-09-12,РН-202409-0322,ИП Ахметов Е.С.,Проектор,28,103800,2906400,2024-10-07,Айгуль Нурланова
2024-09-12,РН-202409-0323,ТОО Астана Комплект,Калькулятор,33,114700,3785100,,Дана Оспанова
2024-09-12,РН-202409-0324,ИП Смагулова А.К.,Проектор,35,27300,955500,2024-09-30,Айгуль Нурланова
2024-09-14,РН-202409-0325,ИП Ахметов Е.С.,Стол офисный,40,16600,664000,2024-10-03,Дана Оспанова
2024-09-16,РН-202409-0326,ТОО Жетысу Маркет,Ручки шариковые (уп. 50 шт),28,32800,918400,,Айгуль Нурланова
2024-09-16,РН-202409-0327,ТОО Достык Trade,Калькулятор,48,141000,6768000,2024-10-07,Дана Оспанова
2024-09-17,РН-202409-0328,ИП Смагулова А.К.,Папки-регистраторы,30,136200,4086000,2024-09-27,Айгуль Нурланова
2024-09-17,РН-202409-0329,ТОО Nur Business Group,Папки-регистраторы,6,35400,212400,,Дана Оспанова
2024-09-18,РН-202409-0330,ТОО Nur Business Group,Ручки шариковые (уп. 50 шт),30,59200,1776000,2024-10-09,Дана Оспанова
2024-09-18,РН-202409-0331,ТОО Silk Way Trading,Проектор,29,88600,2569400,2024-09-18,Айгуль Нурланова
2024-09-20,РН-202409-0332,ТОО Алматы Строй Сервис,Картридж для принтера,22,33700,741400,2024-09-25,Дана Оспанова
2024-09-21,РН-202409-0333,ТОО Достык Trade,Калькулятор,12,149700,1796400,2024-10-12,Айгуль Нурланова
2024-09-23,РН-202409-0334,ТОО Достык Trade,Флеш-накопитель 32 ГБ,26,53400,1388400,2024-09-30,Айгуль Нурланова
2024-09-23,РН-202409-0335,ТОО Silk Way Trading,Кресло офисное,13,122900,1597700,2024-10-06,Дана Оспанова
2024-09-24,РН-202409-0336,ТОО Достык Trade,Бумага А4 (пачка),49,21400,1048600,,Дана Оспанова
2024-09-24,РН-202409-0337,ИП Иванова О.В.,Калькулятор,12,100900,1210800,,Тимур Сергеев
2024-09-24,РН-202409-0338,ТОО КазОфисТорг,Бумага А4 (пачка),43,133300,5731900,2024-10-13,Дана Оспанова
2024-09-25,РН-202409-0339,ИП Тлеуов Б.М.,Папки-регистраторы,38,34900,1326200,2024-10-07,Тимур Сергеев
2024-09-25,РН-202409-0340,ИП Иванова О.В.,Стол офисный,46,83000,3818000,2024-10-12,Дана Оспанова
2024-09-26,РН-202409-0341,ТОО КазОфисТорг,Монитор 24 дюйма,20,35700,714000,2024-10-15,Айгуль Нурланова
2024-09-26,РН-202409-0342,ТОО Астана Комплект,Кресло офисное,9,105600,950400,,Тимур Сергеев
2024-09-26,РН-202409-0343,ТОО Батыс Снаб,Калькулятор,45,50400,2268000,,Дана Оспанова
2024-09-27,РН-202409-0344,ТОО Nur Business Group,МФУ струйное,12,87500,1050000,2024-09-27,Тимур Сергеев
2024-09-28,РН-202409-0345,ТОО Shymkent Opt,МФУ струйное,13,105600,1372800,2024-10-26,Дана Оспанова
2024-10-02,РН-202410-0346,ТОО Shymkent Opt,Папки-регистраторы,46,121400,5584400,,Тимур Сергеев
2024-10-03,РН-202410-0347,ИП Тлеуов Б.М.,Ноутбук офисный,49,62800,3077200,,Тимур Сергеев
2024-10-03,РН-202410-0348,ТОО Достык Trade,Калькулятор,19,49100,932900,2024-10-06,Тимур Сергеев
2024-10-03,РН-202410-0349,ТОО Каспий Логистик,Калькулятор,8,34900,279200,2024-10-05,Тимур Сергеев
2024-10-05,РН-202410-0350,ТОО Каспий Логистик,Картридж для принтера,49,15900,779100,2024-10-25,Дана Оспанова
2024-10-05,РН-202410-0351,ТОО КазОфисТорг,Проектор,42,69900,2935800,2024-10-20,Тимур Сергеев
2024-10-07,РН-202410-0352,ИП Смагулова А.К.,Картридж для принтера,6,120100,720600,2024-11-06,Айгуль Нурланова
2024-10-08,РН-202410-0353,ИП Тлеуов Б.М.,Проектор,23,117200,2695600,2024-10-14,Айгуль Нурланова
2024-10-10,РН-202410-0354,ТОО Достык Trade,Флеш-накопитель 32 ГБ,4,97000,388000,2024-10-27,Дана Оспанова
2024-10-10,РН-202410-0355,ТОО Silk Way Trading,Бумага А4 (пачка),19,75100,1426900,2024-10-20,Дана Оспанова
2024-10-10,РН-202410-0356,ИП Ахметов Е.С.,Флеш-накопитель 32 ГБ,27,20500,553500,2024-10-21,Тимур Сергеев
2024-10-11,РН-202410-0357,ТОО Достык Trade,МФУ струйное,46,89400,4112400,2024-11-02,Айгуль Нурланова
2024-10-11,РН-202410-0358,ИП Ахметов Е.С.,Кресло офисное,41,75400,3091400,2024-11-07,Дана Оспанова
2024-10-11,РН-202410-0359,ТОО Жетысу Маркет,Шредер бумаги,50,29400,1470000,2024-10-29,Тимур Сергеев
2024-10-11,РН-202410-0360,ТОО Shymkent Opt,Степлер,21,5600,117600,,Дана Оспанова
2024-10-14,РН-202410-0361,ТОО Shymkent Opt,Стол офисный,43,98900,4252700,2024-11-03,Айгуль Нурланова
2024-10-15,РН-202410-0362,ИП Иванова О.В.,Монитор 24 дюйма,32,75400,2412800,2024-11-09,Тимур Сергеев
2024-10-15,РН-202410-0363,ИП Ахметов Е.С.,Кресло офисное,32,95100,3043200,2024-11-11,Дана Оспанова
2024-10-15,РН-202410-0364,ТОО Жетысу Маркет,Картридж для принтера,30,9300,279000,2024-11-05,Айгуль Нурланова
2024-10-15,РН-202410-0365,ТОО Алматы Строй Сервис,Папки-регистраторы,13,39600,514800,2024-10-17,Дана Оспанова
2024-10-17,РН-202410-0366,ТОО КазОфисТорг,Стол офисный,24,70600,1694400,2024-10-18,Айгуль Нурланова
2024-10-17,РН-202410-0367,ТОО Алматы Строй Сервис,Папки-регистраторы,41,85100,3489100,2024-11-13,Дана Оспанова
2024-10-18,РН-202410-0368,ТОО КазОфисТорг,Проектор,7,5300,37100,2024-11-01,Айгуль Нурланова
2024-10-19,РН-202410-0369,ТОО Каспий Логистик,Стол офисный,29,7400,214600,2024-10-25,Айгуль Нурланова
2024-10-19,РН-202410-0370,ТОО Астана Комплект,Проектор,9,130200,1171800,2024-10-29,Айгуль Нурланова
2024-10-21,РН-202410-0371,ТОО КазОфисТорг,Ручки шариковые (уп. 50 шт),24,83400,2001600,2024-10-27,Айгуль Нурланова
2024-10-21,РН-202410-0372,ИП Ахметов Е.С.,Стол офисный,44,42400,1865600,2024-11-17,Айгуль Нурланова
2024-10-22,РН-202410-0373,ИП Ахметов Е.С.,Степлер,23,60900,1400700,2024-10-26,Дана Оспанова
2024-10-22,РН-202410-0374,ТОО Батыс Снаб,Степлер,14,27700,387800,,Айгуль Нурланова
2024-10-22,РН-202410-0375,ТОО КазОфисТорг,Кресло офисное,47,105700,4967900,2024-11-02,Тимур Сергеев
2024-10-23,РН-202410-0376,ТОО Достык Trade,Бумага А4 (пачка),42,27100,1138200,2024-11-18,Айгуль Нурланова
2024-10-25,РН-202410-0377,ТОО Nur Business Group,Флеш-накопитель 32 ГБ,45,12000,540000,2024-11-20,Дана Оспанова
2024-10-26,РН-202410-0378,ТОО Каспий Логистик,Монитор 24 дюйма,48,107700,5169600,2024-11-01,Тимур Сергеев
2024-10-28,РН-202410-0379,ТОО Достык Trade,Степлер,25,34600,865000,2024-11-20,Айгуль Нурланова
2024-10-28,РН-202410-0380,ТОО Аспан Технолоджи,Ноутбук офисный,24,88000,2112000,2024-10-31,Айгуль Нурланова
2024-10-28,РН-202410-0381,ИП Смагулова А.К.,Калькулятор,44,50300,2213200,2024-10-28,Тимур Сергеев
2024-10-29,РН-202410-0382,ИП Тлеуов Б.М.,Принтер лазерный,1,73700,73700,,Айгуль Нурланова
2024-10-29,РН-202410-0383,ТОО Алматы Строй Сервис,Флеш-накопитель 32 ГБ,26,137800,3582800,2024-11-18,Тимур Сергеев
2024-10-31,РН-202410-0384,ТОО Астана Комплект,Проектор,26,26600,691600,2024-11-15,Дана Оспанова
2024-10-31,РН-202410-0385,ТОО КазОфисТорг,Бумага А4 (пачка),6,139000,834000,2024-11-17,Айгуль Нурланова
2024-11-01,РН-202411-0386,ТОО Астана Комплект,Кресло офисное,41,22300,914300,2024-11-15,Тимур Сергеев
2024-11-02,РН-202411-0387,ТОО Алматы Строй Сервис,Монитор 24 дюйма,6,118900,713400,2024-11-18,Айгуль Нурланова
2024-11-02,РН-202411-0388,ТОО Батыс Снаб,Проектор,43,51000,2193000,,Айгуль Нурланова
2024-11-04,РН-202411-0389,ИП Ахметов Е.С.,Проектор,1,47900,47900,2024-12-04,Тимур Сергеев
2024-11-05,РН-202411-0390,ТОО Nur Business Group,МФУ струйное,24,38300,919200,2024-11-15,Дана Оспанова
2024-11-06,РН-202411-0391,ТОО Жетысу Маркет,Шредер бумаги,2,92800,185600,2024-12-05,Тимур Сергеев
2024-11-06,РН-202411-0392,ИП Тлеуов Б.М.,Стол офисный,5,135100,675500,2024-12-01,Тимур Сергеев
2024-11-06,РН-202411-0393,ИП Ахметов Е.С.,Ручки шариковые (уп. 50 шт),11,71900,790900,2024-11-16,Айгуль Нурланова
2024-11-08,РН-202411-0394,ТОО Достык Trade,Проектор,33,5700,188100,2024-11-16,Айгуль Нурланова
2024-11-08,РН-202411-0395,ТОО Shymkent Opt,Ручки шариковые (уп. 50 шт),25,44300,1107500,2024-11-12,Айгуль Нурланова
2024-11-09,РН-202411-0396,ТОО Жетысу Маркет,Шредер бумаги,46,114900,5285400,2024-12-09,Айгуль Нурланова
2024-11-09,РН-202411-0397,ИП Смагулова А.К.,Бумага А4 (пачка),5,102700,513500,2024-11-10,Айгуль Нурланова
2024-11-09,РН-202411-0398,ТОО Достык Trade,Флеш-накопитель 32 ГБ,34,17000,578000,,Тимур Сергеев
2024-11-11,РН-202411-0399,ТОО Shymkent Opt,Картридж для принтера,19,86400,1641600,,Тимур Сергеев
2024-11-11,РН-202411-0400,ТОО Shymkent Opt,Ноутбук офисный,24,57600,1382400,2024-12-07,Тимур Сергеев
2024-11-11,РН-202411-0401,ТОО Достык Trade,Степлер,24,134300,3223200,2024-11-25,Айгуль Нурланова
2024-11-13,РН-202411-0402,ИП Ахметов Е.С.,Ноутбук офисный,27,11300,305100,2024-12-12,Айгуль Нурланова
2024-11-13,РН-202411-0403,ТОО Аспан Технолоджи,Ноутбук офисный,22,5400,118800,2024-11-29,Дана Оспанова
2024-11-13,РН-202411-0404,ТОО КазОфисТорг,Монитор 24 дюйма,34,67400,2291600,2024-11-24,Тимур Сергеев
2024-11-16,РН-202411-0405,ТОО Silk Way Trading,Бумага А4 (пачка),6,16500,99000,2024-12-15,Айгуль Нурланова
2024-11-18,РН-202411-0406,ТОО Аспан Технолоджи,Ручки шариковые (уп. 50 шт),30,27300,819000,,Дана Оспанова
2024-11-18,РН-202411-0407,ИП Ахметов Е.С.,Стол офисный,26,24600,639600,2024-11-29,Дана Оспанова
2024-11-19,РН-202411-0408,ТОО Достык Trade,Бумага А4 (пачка),17,87600,1489200,2024-12-06,Тимур Сергеев
2024-11-19,РН-202411-0409,ТОО Shymkent Opt,Бумага А4 (пачка),15,24600,369000,,Айгуль Нурланова
2024-11-19,РН-202411-0410,ТОО Жетысу Маркет,Кресло офисное,7,45700,319900,,Айгуль Нурланова
2024-11-21,РН-202411-0411,ТОО Shymkent Opt,Ручки шариковые (уп. 50 шт),27,36600,988200,2024-11-24,Дана Оспанова
2024-11-22,РН-202411-0412,ТОО Nur Business Group,Степлер,17,36400,618800,,Айгуль Нурланова
2024-11-22,РН-202411-0413,ТОО Батыс Снаб,Бумага А4 (пачка),46,15600,717600,2024-12-01,Айгуль Нурланова
2024-11-22,РН-202411-0414,ТОО Silk Way Trading,Монитор 24 дюйма,23,108900,2504700,,Дана Оспанова
2024-11-23,РН-202411-0415,ТОО Nur Business Group,Бумага А4 (пачка),12,13100,157200,2024-12-17,Тимур Сергеев
2024-11-23,РН-202411-0416,ТОО Достык Trade,Принтер лазерный,30,31700,951000,,Айгуль Нурланова
2024-11-23,РН-202411-0417,ТОО Алматы Строй Сервис,Картридж для принтера,50,63300,3165000,,Айгуль Нурланова
2024-11-25,РН-202411-0418,ТОО Астана Комплект,Ручки шариковые (уп. 50 шт),44,27000,1188000,2024-11-25,Дана Оспанова
2024-11-25,РН-202411-0419,ТОО Алматы Строй Сервис,Принтер лазерный,13,121200,1575600,,Айгуль Нурланова
2024-11-26,РН-202411-0420,ИП Иванова О.В.,Картридж для принтера,22,37100,816200,2024-12-21,Айгуль Нурланова
2024-11-26,РН-202411-0421,ТОО Астана Комплект,Картридж для принтера,47,108500,5099500,,Тимур Сергеев
2024-11-27,РН-202411-0422,ТОО Батыс Снаб,Папки-регистраторы,12,97800,1173600,2024-12-18,Айгуль Нурланова
2024-11-27,РН-202411-0423,ТОО Аспан Технолоджи,МФУ струйное,3,69400,208200,2024-12-21,Дана Оспанова
2024-11-27,РН-202411-0424,ТОО Shymkent Opt,Ноутбук офисный,6,78300,469800,,Тимур Сергеев
2024-11-27,РН-202411-0425,ТОО Достык Trade,Стол офисный,34,70300,2390200,2024-12-04,Дана Оспанова
2024-11-27,РН-202411-0426,ТОО Астана Комплект,Флеш-накопитель 32 ГБ,46,99100,4558600,2024-12-22,Тимур Сергеев
2024-11-27,РН-202411-0427,ТОО Каспий Логистик,Ручки шариковые (уп. 50 шт),25,75900,1897500,,Айгуль Нурланова
2024-11-28,РН-202411-0428,ИП Тлеуов Б.М.,Монитор 24 дюйма,2,78600,157200,2024-12-16,Айгуль Нурланова
2024-11-28,РН-202411-0429,ТОО Жетысу Маркет,Кресло офисное,15,46800,702000,2024-12-22,Айгуль Нурланова
2024-11-28,РН-202411-0430,ИП Иванова О.В.,Флеш-накопитель 32 ГБ,48,19700,945600,2024-12-01,Айгуль Нурланова
2024-11-30,РН-202411-0431,ИП Смагулова А.К.,Шредер бумаги,12,51200,614400,2024-12-05,Айгуль Нурланова
2024-11-30,РН-202411-0432,ИП Смагулова А.К.,Шредер бумаги,38,12400,471200,2024-12-04,Дана Оспанова
2024-11-30,РН-202411-0433,ИП Ахметов Е.С.,Кресло офисное,13,134000,1742000,2024-12-09,Дана Оспанова
2024-12-02,РН-202412-0434,ТОО Алматы Строй Сервис,Монитор 24 дюйма,39,62400,2433600,2024-12-28,Айгуль Нурланова
2024-12-02,РН-202412-0435,ТОО Достык Trade,Флеш-накопитель 32 ГБ,9,94300,848700,,Дана Оспанова
2024-12-02,РН-202412-0436,ТОО Жетысу Маркет,Картридж для принтера,21,20600,432600,,Айгуль Нурланова
2024-12-03,РН-202412-0437,ТОО Silk Way Trading,Шредер бумаги,10,34100,341000,2024-12-05,Дана Оспанова
2024-12-03,РН-202412-0438,ТОО Silk Way Trading,Стол офисный,26,31500,819000,2024-12-15,Тимур Сергеев
2024-12-03,РН-202412-0439,ТОО Silk Way Trading,Папки-регистраторы,41,132700,5440700,2024-12-27,Дана Оспанова
2024-12-03,РН-202412-0440,ТОО Silk Way Trading,Шредер бумаги,40,98500,3940000,2024-12-06,Айгуль Нурланова
2024-12-03,РН-202412-0441,ТОО Nur Business Group,Проектор,45,82200,3699000,,Айгуль Нурланова
2024-12-04,РН-202412-0442,ТОО Алматы Строй Сервис,Проектор,37,107700,3984900,,Дана Оспанова
2024-12-05,РН-202412-0443,ИП Тлеуов Б.М.,Ручки шариковые (уп. 50 шт),40,62900,2516000,2024-12-06,Дана Оспанова
2024-12-05,РН-202412-0444,ИП Смагулова А.К.,Проектор,5,67400,337000,2024-12-14,Тимур Сергеев
2024-12-05,РН-202412-0445,ИП Иванова О.В.,Проектор,43,93000,3999000,,Тимур Сергеев
2024-12-06,РН-202412-0446,ТОО Достык Trade,Монитор 24 дюйма,45,22800,1026000,2024-12-13,Тимур Сергеев
2024-12-06,РН-202412-0447,ТОО Алматы Строй Сервис,Папки-регистраторы,29,115000,3335000,2024-12-25,Айгуль Нурланова
2024-12-07,РН-202412-0448,ИП Смагулова А.К.,Калькулятор,25,31600,790000,2025-01-04,Тимур Сергеев
2024-12-07,РН-202412-0449,ТОО Достык Trade,МФУ струйное,29,24300,704700,2024-12-17,Айгуль Нурланова
2024-12-07,РН-202412-0450,ТОО КазОфисТорг,Ручки шариковые (уп. 50 шт),11,103400,1137400,2024-12-16,Айгуль Нурланова
2024-12-09,РН-202412-0451,ИП Смагулова А.К.,Кресло офисное,40,131500,5260000,,Дана Оспанова
2024-12-09,РН-202412-0452,ТОО Батыс Снаб,МФУ струйное,39,118800,4633200,,Айгуль Нурланова
2024-12-09,РН-202412-0453,ИП Смагулова А.К.,Монитор 24 дюйма,13,112300,1459900,2024-12-13,Дана Оспанова
2024-12-09,РН-202412-0454,ТОО Nur Business Group,Стол офисный,19,83000,1577000,,Айгуль Нурланова
2024-12-09,РН-202412-0455,ТОО Астана Комплект,Кресло офисное,36,133700,4813200,,Айгуль Нурланова
2024-12-11,РН-202412-0456,ТОО Алматы Строй Сервис,Папки-регистраторы,6,82200,493200,2024-12-21,Дана Оспанова
2024-12-11,РН-202412-0457,ТОО Алматы Строй Сервис,Монитор 24 дюйма,11,81500,896500,2024-12-30,Айгуль Нурланова
2024-12-13,РН-202412-0458,ТОО Shymkent Opt,Степлер,43,74500,3203500,2024-12-31,Айгуль Нурланова
2024-12-13,РН-202412-0459,ТОО Аспан Технолоджи,Папки-регистраторы,24,53900,1293600,,Тимур Сергеев
2024-12-13,РН-202412-0460,ТОО Shymkent Opt,Степлер,17,64300,1093100,2025-01-11,Тимур Сергеев
2024-12-14,РН-202412-0461,ТОО Батыс Снаб,Принтер лазерный,6,95100,570600,2024-12-15,Дана Оспанова
2024-12-14,РН-202412-0462,ТОО Каспий Логистик,Ноутбук офисный,25,142000,3550000,2025-01-05,Тимур Сергеев
2024-12-14,РН-202412-0463,ИП Тлеуов Б.М.,Шредер бумаги,16,129800,2076800,,Тимур Сергеев
2024-12-16,РН-202412-0464,ТОО Аспан Технолоджи,Картридж для принтера,46,14100,648600,2025-01-10,Дана Оспанова
2024-12-16,РН-202412-0465,ТОО Батыс Снаб,Кресло офисное,10,36500,365000,,Тимур Сергеев
2024-12-16,РН-202412-0466,ИП Ахметов Е.С.,Монитор 24 дюйма,13,38100,495300,2024-12-19,Айгуль Нурланова
2024-12-16,РН-202412-0467,ТОО Достык Trade,Картридж для принтера,41,43800,1795800,2024-12-22,Дана Оспанова
2024-12-17,РН-202412-0468,ТОО КазОфисТорг,Принтер лазерный,25,109200,2730000,2025-01-07,Дана Оспанова
2024-12-17,РН-202412-0469,ТОО Аспан Технолоджи,Картридж для принтера,1,142000,142000,,Тимур Сергеев
2024-12-17,РН-202412-0470,ИП Ахметов Е.С.,МФУ струйное,37,31300,1158100,2025-01-02,Айгуль Нурланова
2024-12-18,РН-202412-0471,ИП Иванова О.В.,Калькулятор,23,112700,2592100,2025-01-13,Тимур Сергеев
2024-12-19,РН-202412-0472,ТОО Shymkent Opt,Ноутбук офисный,12,77200,926400,,Тимур Сергеев
2024-12-19,РН-202412-0473,ИП Тлеуов Б.М.,Стол офисный,45,110300,4963500,2024-12-24,Айгуль Нурланова
2024-12-20,РН-202412-0474,ТОО Достык Trade,Ноутбук офисный,48,129600,6220800,2025-01-05,Тимур Сергеев
2024-12-20,РН-202412-0475,ТОО Nur Business Group,Бумага А4 (пачка),32,30700,982400,,Айгуль Нурланова
2024-12-21,РН-202412-0476,ТОО Silk Way Trading,Степлер,50,89100,4455000,2024-12-30,Тимур Сергеев
2024-12-21,РН-202412-0477,ТОО Достык Trade,Степлер,14,111700,1563800,2025-01-08,Дана Оспанова
2024-12-21,РН-202412-0478,ИП Иванова О.В.,Ноутбук офисный,33,46700,1541100,2025-01-01,Айгуль Нурланова
2024-12-21,РН-202412-0479,ТОО Жетысу Маркет,Картридж для принтера,34,12600,428400,,Айгуль Нурланова
2024-12-23,РН-202412-0480,ИП Иванова О.В.,Монитор 24 дюйма,4,70400,281600,2024-12-28,Айгуль Нурланова
2024-12-24,РН-202412-0481,ТОО Достык Trade,Бумага А4 (пачка),24,126700,3040800,2024-12-29,Дана Оспанова
2024-12-24,РН-202412-0482,ТОО Алматы Строй Сервис,Монитор 24 дюйма,24,133100,3194400,2024-12-27,Дана Оспанова
2024-12-24,РН-202412-0483,ИП Тлеуов Б.М.,Калькулятор,23,95200,2189600,2025-01-22,Айгуль Нурланова
2024-12-24,РН-202412-0484,ТОО КазОфисТорг,Бумага А4 (пачка),2,106300,212600,,Айгуль Нурланова
2024-12-25,РН-202412-0485,ИП Тлеуов Б.М.,Флеш-накопитель 32 ГБ,14,63000,882000,2025-01-21,Дана Оспанова
2024-12-25,РН-202412-0486,ТОО Астана Комплект,Калькулятор,2,7300,14600,2025-01-20,Тимур Сергеев
2024-12-26,РН-202412-0487,ТОО Жетысу Маркет,Ноутбук офисный,15,71200,1068000,2025-01-24,Дана Оспанова
2024-12-27,РН-202412-0488,ТОО Батыс Снаб,Бумага А4 (пачка),28,103700,2903600,2025-01-12,Тимур Сергеев
2024-12-27,РН-202412-0489,ТОО Батыс Снаб,Калькулятор,40,109100,4364000,,Дана Оспанова
2024-12-27,РН-202412-0490,ТОО Каспий Логистик,Стол офисный,24,79100,1898400,2025-01-13,Тимур Сергеев
2024-12-28,РН-202412-0491,ТОО Nur Business Group,Стол офисный,21,77600,1629600,2025-01-02,Тимур Сергеев
2024-12-28,РН-202412-0492,ТОО Nur Business Group,Монитор 24 дюйма,10,140600,1406000,2025-01-03,Айгуль Нурланова
2024-12-28,РН-202412-0493,ТОО Жетысу Маркет,Кресло офисное,26,88800,2308800,,Дана Оспанова
2024-12-31,РН-202412-0494,ТОО Алматы Строй Сервис,Стол офисный,32,82500,2640000,2025-01-30,Тимур Сергеев
2024-12-31,РН-202412-0495,ТОО Алматы Строй Сервис,Кресло офисное,46,54800,2520800,2025-01-24,Тимур Сергеев
2024-12-31,РН-202412-0496,ТОО Батыс Снаб,Флеш-накопитель 32 ГБ,31,99000,3069000,2025-01-28,Дана Оспанова
2024-12-31,РН-202412-0497,ТОО Аспан Технолоджи,Калькулятор,12,82000,984000,2025-01-30,Айгуль Нурланова
2024-12-31,РН-202412-0498,ТОО Жетысу Маркет,Калькулятор,49,53000,2597000,2025-01-14,Дана Оспанова
2024-12-31,РН-202412-0499,ИП Смагулова А.К.,Монитор 24 дюйма,48,85500,4104000,2025-01-15,Тимур Сергеев
2024-12-31,РН-202412-0500,ИП Тлеуов Б.М.,Бумага А4 (пачка),30,35900,1077000,,Тимур Сергеев
